{
  "name": "commstoolkit",
  "version": "0.0.0",
  "scripts": {
    "ng": "ng",
    "start": "ng serve",
    "build": "ng build",
    "test": "ng test",
    "lint": "ng lint",
    "e2e": "ng e2e"
  },
  "private": true,
  "dependencies": {
    "@angular/animations": "~8.2.0",
    "@angular/cdk": "^8.1.3",
    "@angular/common": "~8.2.0",
    "@angular/compiler": "~8.2.0",
    "@angular/core": "~8.2.0",
    "@angular/forms": "~8.2.0",
    "@angular/material": "^8.1.3",
    "@angular/material-moment-adapter": "8.1.2",
    "@angular/platform-browser": "~8.2.0",
    "@angular/platform-browser-dynamic": "~8.2.0",
    "@angular/router": "~8.2.0",
    "@ng-bootstrap/ng-bootstrap": "^5.0.0",
    "angular-azure-blob-service": "^1.1.0",
    "angular-bootstrap-md": "^8.1.1",
    "angular-bootstrap-slider": "^0.1.29",
    "bootstrap": "^4.4.1",
    "hammerjs": "^2.0.8",
    "material-design-icons-iconfont": "^5.0.1",
    "mdbootstrap": "^4.8.8",
    "rxjs": "~6.4.0",
    "tslib": "^1.10.0",
    "zone.js": "~0.9.1"
  },
  "devDependencies": {
    "@angular-devkit/build-angular": "~0.802.1",
    "@angular/cli": "^8.3.19",
    "@angular/compiler-cli": "~8.2.0",
    "@angular/language-service": "~8.2.0",
    "@types/jasmine": "~3.3.8",
    "@types/jasminewd2": "~2.0.3",
    "@types/node": "~8.9.4",
    "codelyzer": "^5.0.0",
    "jasmine-core": "~3.4.0",
    "jasmine-spec-reporter": "~4.2.1",
    "karma": "~4.1.0",
    "karma-chrome-launcher": "~2.2.0",
    "karma-coverage-istanbul-reporter": "~2.0.1",
    "karma-jasmine": "~2.0.1",
    "karma-jasmine-html-reporter": "^1.4.0",
    "protractor": "~5.4.0",
    "ts-node": "~7.0.0",
    "tslint": "~5.15.0",
    "typescript": "~3.5.3"
  }
}
